<application>
  <component name="GeneralSettings">
    <option name="reopenLastProject" value="false" />
    <option name="showTipsOnStartup" value="false" />
  </component>
  <component name="Registry">
    <entry key="ide.svg.icon" value="true" />
    <entry key="ide.win.frame.decoration" value="true" />
    <entry key="show.diff.preview.as.editor.tab" value="true" />
    <entry key="ide.borderless.title.project.path" value="false" />
    <entry key="ide.borderless.title.classpath" value="false" />
    <entry key="ide.borderless.title.product" value="false" />
    <entry key="ide.borderless.title.debug" value="true" />
    <entry key="ide.title.debug" value="true" />
    <entry key="vcs.log.show.diff.preview.as.editor.tab" value="true" />
    <entry key="rdclient.asyncActions" value="false" />
    <entry key="ide.mac.bigsur.window.with.tabs.enabled" value="false" />
    <entry key="ide.tree.expand.navigatable.on.double.click.disabled" value="true" />
    <entry key="use.tabbed.welcome.screen" value="false" />
    <entry key="ide.new.project.model" value="false" />
  </component>
</application>